e:network:connection_lost	3	2	1	1.6121489245558192	0.8462427365236437	0.0	1.0	0.0	0.0	0.0	1.0	0.0	0.32199999999999995	0.4095558299878491	0.0875	0	0	0	1786508587316	0	0.4095558299878491	0
e:network:logged_player_singleplayer_stopping	2	1	1	0.8762164855327659	0.0	0.0	1.0	0.0	0.0	0.0	1.0	0.0	0.32199999999999995	0.27488974184897447	0.05833333333333333	0	0	0	1786508587343	0	0.27488974184897447	0
u:xaero_session_lifecycle_repeat	3	2	1	1.6121489264505529	0.8462427366145364	0.0	1.0	0.0	0.0	0.0	1.0	0.0	0.32199999999999995	0.4239558300840192	0.0875	0	0	0	1786508587294	0	0.4239558300840192	0
e:generic:bits_chopped_ocschoz_skirmisher	1	1	0	1.0	0.0	0.0	1.0	0.0	0.0	0.0	0.0	0.0	0.35	0.1585	0.029166666666666664	0	0	0	1786508577164	0	0.1585	0
e:entity:emitting_entitymount_game_skipped	4	4	0	0.6734943725205145	0.9888929307542849	0.0	1.0	0.6055050034490012	0.8964011232719219	0.0	0.0	0.0	0.35	0.548310817806976	0.26666666666666666	4	0	0	1786508512375	0	0.6785	0
u:saving_chunks_repeat	257	3	254	6.221194375085954	0.9642662967830408	2.909152805765772E-15	0.9999999999999994	0.0948611040022735	0.4557011320421038	0.24507067757277284	0.9999478860250057	2.225575696790435E-10	2.1523896820714524E-5	0.683380295270217	1.0	33	12	33	1786508586789	1	0.934156614920793	1786508586789
u:class_or_injection_error	4	1	3	0.6828443656055789	0.8499611452321906	0.0	1.0	0.0	0.0	0.0	0.9043052877605235	0.0	0.32199999999999995	0.35669996841137674	0.22916666666666663	3	0	2	1786508583093	0	0.37535463088522286	0
u:empty_sound_event_repeat	0	0	0	0.0	0.0	0.0	0.0	0.0	0.0	0.0	0.0	0.0	0.0	0.38	0.1875	5	0	0	0	0	0.38	0
u:info_burst_noise	1	0	1	0.9911709225287775	0.9911709225287775	0.0	1.0	0.0	0.9911709225287775	0.9911709225287775	0.9911709225287775	0.0	0.0	0.6484530251023204	0.06666666666666667	1	0	1	1786504412088	0	0.6529999999999999	0
e:generic:applied_player	1	1	0	1.0	0.0	0.0	1.0	0.0	0.0	0.0	0.0	0.0	0.35	0.1585	0.029166666666666664	0	0	0	1786508578331	0	0.1585	0
u:saving_pause_repeat	54	35	19	0.2603726687289333	0.9042124149354198	0.0	1.0	0.2235651040319174	0.5538584288144546	0.0	0.4640373961392684	0.0	0.13468574906067832	0.46144878531766453	1.0	40	3	8	1786508586761	1	0.5792470355048216	1786508586761
e:generic:empty_nonexistent_pool	793	24	769	6.436843207016916	0.9989443040402063	0.2785009760094021	0.7214990928978144	0.19486672391734539	0.5989323292248729	0.0	0.34703596223084143	0.4323422177630936	0.516047918167987	0.55	1.0	25	4	7	1786508498956	1	0.9454260596321808	1786507351237
u:structural_error_repeat	20	15	5	1.900323389685333	0.9478354190787557	0.12229841423278848	0.9495919710411052	0.9996124273681726	0.6760138903310952	1.0	0.18246935879657084	0.17082336204317042	0.36632422251291197	0.7536399563603203	0.8833333333333333	13	1	1	1786508564178	1	0.7536399563603203	1786506886128
e:generic:found_jigsaw_start_starting	14	14	0	0.20922842828077287	0.8628912425401912	0.0	1.0	0.0	0.3572826399923165	0.0	0.0	0.0	0.35	0.2800546243763052	0.7083333333333333	13	0	0	1786507213986	0	0.3898287508688045	0
e:generic:advancement_made_ocschoz	19	19	0	2.389787466013983	0.43627437602061514	0.0	1.0	0.0	0.0	0.0	0.0	0.0	0.35	0.273393361093103	0.8541666666666665	14	0	0	1786508500743	0	0.2973085466479722	0
e:generic:multimine_serverstoppingeven	2	1	1	0.8762165026393843	0.0	0.0	1.0	0.0	0.99611021101894	0.0	1.0	0.0	0.32199999999999995	0.42430627427161327	0.05833333333333333	0	0	0	1786508587361	0	0.42430627427161327	0
e:generic:changed_load	3	1	2	0.7656162307783704	0.9910788504027999	0.0	1.0	0.0	0.9958726021491487	0.8854789699526555	0.9957787976525385	0.0	0.29623999999999995	0.610358056070252	0.16249999999999998	2	0	1	1786508566889	0	0.6140070959679456	0
e:generic:changing_distance_view	5	2	3	0.9878423953203371	0.0	0.3085333333333333	0.918624	0.0	0.0	0.0	0.37170824419651916	0.31375459473041295	0.31872373333333337	0.18556947791775175	0.18333333333333335	1	0	1	1786504435904	0	0.1862745061380571	0
e:entity:item_load	34	3	31	7.643533754361534	0.9923301826006798	0.0	1.0	0.0	0.08876154318219281	0.0	0.7700315424042675	0.0	0.027763868178214926	0.5408541677054475	0.7749999999999999	2	1	2	1786506033651	1	0.625461282439	1786506033651
e:generic:keep_overloaded_running_ticks	2	2	0	0.8639119535695946	0.9844324981669699	0.88	1.0	0.0	0.9838830569258041	0.0	0.883516762765027	0.9031504686042497	0.99376	0.4519546937032145	0.13333333333333333	2	0	1	1786508563347	0	0.4519546937032145	0
e:block_entity:access_block_entity_tried	55	6	49	7.674036642908416	0.9994946187124475	0.0	1.0	0.9995414571433192	0.9991717135035633	0.9999999611992877	0.7734058416168874	0.0	0.01309854946143055	1.0	0.8875	5	0	3	1786508564224	0	1.0	0
e:entity:entity_skipping	1	1	0	0.9949066979452278	0.0	0.0	1.0	0.0	0.0	0.0	0.0	0.0	0.35	0.15827080140753524	0.06666666666666667	1	0	0	1786506037258	0	0.1585	0
e:network:moved_wrongly	1	1	0	1.0	0.0	0.0	1.0	1.0	1.0	0.0	0.0	0.0	0.35	0.5585	0.06666666666666667	1	0	0	1786508506397	0	0.5585	0
u:advancement_list_loaded_repeat	0	0	0	0.0	0.0	0.0	0.0	0.0	0.0	0.0	0.0	0.0	0.0	0.0324	0.3	65	0	64	0	0	0.0324	0
e:generic:death_player	1	1	0	1.0	0.0	0.0	1.0	0.0	0.0	0.0	0.0	0.0	0.35	0.1585	0.029166666666666664	0	0	0	1786508577167	0	0.1585	0
e:generic:game_left_ocschoz	1	0	1	1.0	0.0	0.0	1.0	0.0	0.0	0.0	1.0	0.0	0.0	0.303	0.029166666666666664	0	0	0	1786508587317	0	0.303	0
e:generic:active_limits_spawn	1	1	0	0.9912090787549549	0.0	0.0	1.0	0.0	0.0	0.0	0.0	0.0	0.35	0.15810440854397298	0.06666666666666667	1	0	0	1786504428718	0	0.1585	0
e:entity:entity_marked_removed_tried	320	71	249	4.193683100610378	0.9722744388310844	1.949720759840098E-18	1.0	0.17643920172244468	0.41675210071111535	0.05319665448561803	0.8651741712016431	2.7754103203802096E-12	0.025614165237817774	0.6475791895333247	1.0	69	13	30	1786508586521	1	0.816710006238861	1786508580084
