d522c8020d2af81c	1786378443897	78	41	0	0	1	critical_thread_precision	u:jei_start_event_repeat					0	u:jei_start_event_repeat				0				0	0	1784696095278	1786378443897	1786378443897	1786378443897	119	119	0	0				0	0	0	0	0	0	0	0	0
1f3cd98b1f3e751b	1786335020172	1	0	0	0	1	net.minecraft.server.MinecraftServer	[ocschoz: Teleported ocschoz to 1914.500000, 66.500000, -499.500000]					0	u:class_or_injection_error				0				0	1	1786335020172	1786335020172	0	1786335020172	251	-299749	0	0				0	0	0	1	0	0	0	0	0
8a4f91c3eefb6325	1786508563564	158	177	152	0	2	net.minecraft.server.MinecraftServer	cant_keep_up	Can't keep up! Is the server overloaded? Running {}ms or {} ticks behind				58	e:generic:keep_overloaded_running_ticks	Can't keep up! Is the server overloaded? Running {}ms or {} ticks behind			135				177	4	1776514425060	1786508563564	1786508563564	1786504451904	7981	607981	1	18				1785515465391	0	0	4	0	0	0	0	0
5fc1b4393b1a5272	1786508587361	79	27	0	0	1	xaero.map.WorldMap	World map cleaned normally!					0	u:xaero_session_lifecycle_repeat				0				0	0	1781222706079	1786508587361	1786507458381	1786508587361	106	106	0	0				0	0	0	0	0	0	0	0	0
a135ab9a05444a76	1786504680403	1	0	0	0	1	net.minecraft.server.MinecraftServer	ocschoz has made the advancement dungeon now loading					0					0				0	1	1786504680403	1786504680403	0	1786504680403	251	-199749	0	0				0	0	0	1	0	0	0	0	0
60933ba547f10129	1785678238564	69	0	0	0	1	org.betterx.worlds.together.util.Logger	bclib received hello from client. server # client #					0	e:generic:hello_received				0				0	0	1776514426514	1785678238564	0	1785678238564	69	-549931	0	0				0	0	0	0	0	0	15	0	0
7f71b0817e686fcf	1786504451904	3	19	0	0	1	Adaptive Performance Tweaks.spawn	Spawn limits are now active.					0	e:generic:active_limits_spawn				0				0	0	1784696047419	1786504451904	1786504451904	1786273204701	22	22	0	0				0	0	0	0	0	0	1	0	0
38ab97fbc6fb6738	1786505352063	1	7	0	0	1	net.minecraft.server.MinecraftServer	ocschoz has made the advancement [Monster Hunter]					0	e:generic:advancement_made_ocschoz				0				0	1	1784902447633	1786505352063	1786505352063	1785513286193	258	258	0	0				0	0	0	1	0	0	0	0	0
247fadf06f214fa3	1786261312803	0	3	0	0	2	net.minecraft.server.level.ServerEntity	fetching packet for removed entity {}					0	u:resource_repeat				0				0	2	1786261288904	1786261312803	1786261312803	0	503	-99497	0	0				0	0	0	2	0	0	0	0	0
506e30a00eb5cfb8	1786508571658	178	520	12	0	1	net.minecraft.client.server.IntegratedServer	Saving and pausing game...					0	u:saving_pause_repeat				6				0	0	1776514514222	1786508571658	1786508531171	1786508571658	788	788	0	0				0	0	0	0	0	0	51	0	0
6c44e7cd1329b03c	1786505757503	0	1	0	0	1	net.minecraft.server.MinecraftServer	ocschoz has made the advancement [Sweet Dreams]					0	e:generic:advancement_made_ocschoz				0				0	1	1786505757503	1786505757503	1786505757503	0	251	-199749	0	0				0	0	0	1	0	0	0	0	0
8186716b02e58df3	1786464582515	0	11	0	0	1	critical_thread_precision	u:map_texture_missingno_repeat					0	u:map_texture_missingno_repeat				0				0	0	1785430899775	1786464582515	1786464582515	0	11	11	0	0				0	0	0	0	0	0	0	0	0
622958b695e6777	1786338475484	0	1	0	0	1	net.minecraft.server.MinecraftServer	ocschoz has made the advancement [Mediterranean Village]					0	e:generic:advancement_made_ocschoz				0				0	1	1786338475484	1786338475484	1786338475484	0	251	-199749	0	0				0	0	0	1	0	0	0	0	0
49d0c7882e5faa7b	1786506463346	0	7	0	0	1	net.minecraft.server.MinecraftServer	ocschoz has made the advancement [Isn't It Iron Pick]					0	e:generic:advancement_made_ocschoz				0				0	1	1784902474550	1786506463346	1786506463346	0	257	257	0	0				0	0	0	1	0	0	0	0	0
7da857f619c2a76f	1786508577217	0	1	0	0	1	net.minecraft.server.MinecraftServer	ocschoz was chopped to bits by Skirmisher					0	e:generic:bits_chopped_ocschoz_skirmisher				0				0	1	1786508577217	1786508577217	1786508577217	0	251	-199749	0	0				0	0	0	1	0	0	0	0	0
5dce17070033b6dd	1786462991078	3	16	3	0	2	Adaptive Performance Tweaks.players	{} {}: validation timed out after {} secs.					3	e:generic:after_secs_timed_validation				3				16	7	1784696480282	1786462991078	1786462991078	1786462991078	202238	1362238	1	0				0	0	0	7	1	1	0	0	0
509ed8bba1ae2bd8	1786508506424	0	1	0	0	2	net.minecraft.server.network.ServerGamePacketListenerImpl	{} moved wrongly!					0	e:network:moved_wrongly				0				0	2	1786508506424	1786508506424	1786508506424	0	501	-199499	0	0				0	0	0	2	0	0	0	0	0
4e2fc4c481c5b599	1786508500789	0	1	0	0	1	net.minecraft.server.MinecraftServer	ocschoz has made the advancement [Campfire Song Song]					0	e:generic:advancement_made_ocschoz				0				0	1	1786508500789	1786508500789	1786508500789	0	251	-199749	0	0				0	0	0	1	0	0	0	0	0
ed9ea05acb24d4eb	1786506113706	0	2	0	0	1	net.minecraft.server.MinecraftServer	ocschoz has made the advancement [Simple Dungeon Room]					0	e:generic:advancement_made_ocschoz				0				0	1	1786506113706	1786506113706	1786506113706	0	252	252	0	0				0	0	0	1	0	0	0	0	0
272da966cffeeb82	1786508563564	0	1	0	0	1	net.minecraft.server.MinecraftServer	[ocschoz: Teleported ocschoz to -618.500000, 73.500000, 1084.500000]					0	u:class_or_injection_error				0				0	1	1786508563564	1786508563564	1786508563564	0	251	-199749	0	0				0	0	0	1	0	0	0	0	0
68857930052cc7c5	1786335262982	1	0	0	0	1	net.minecraft.server.MinecraftServer	[ocschoz: Teleported ocschoz to 1724.500000, 80.500000, 71.500000]					0	u:class_or_injection_error				0				0	1	1786335262982	1786335262982	0	1786335262982	251	-299749	0	0				0	0	0	1	0	0	0	0	0
8c3c9bb0f7141072	1786507214002	0	55	0	0	3	net.minecraft.world.level.levelgen.structure.pools.JigsawPlacement	no starting jigsaw found in start pool					0	e:generic:found_jigsaw_start_starting				0				0	2	1784706920005	1786507214002	1786507214002	0	555	555	0	0				0	0	0	2	0	0	0	0	0
1cb0aae8bca18940	1786508580976	464	622	12	0	2	net.minecraft.server.level.ServerLevel	tried to add entity {} but it was marked as removed already					11	e:entity:entity_marked_removed_tried				12				0	2	1781169321379	1786508580976	1786508573451	1786508580976	1807	1807	0	0				0	0	0	2	0	0	34	0	0
f4050ead1fc781ae	1786261288904	10	2	0	0	2	net.minecraft.world.level.block.entity.BlockEntity	skipping blockentity with id {}					0	u:block_entity_skip_missing_id				0				0	0	1786261288904	1786261288904	1786261288904	1786261288904	12	-349988	0	0				0	0	0	0	0	0	0	0	0
78b67deb22dd8963	1786506480752	1	0	0	0	1	net.minecraft.server.MinecraftServer	[ocschoz: Teleported ocschoz to -441.500000, 68.500000, 824.500000]					0	u:class_or_injection_error				0				0	1	1786506480752	1786506480752	0	1786506480752	251	-199749	0	0				0	0	0	1	0	0	0	0	0
2d468a4ea10a20ea	1786506546951	0	1	0	0	1	net.minecraft.server.MinecraftServer	ocschoz has made the advancement [Diamonds!]					0	e:generic:advancement_made_ocschoz				0				0	1	1786506546951	1786506546951	1786506546951	0	251	-199749	0	0				0	0	0	1	0	0	0	0	0
19c3d55a8a4e98b5	1786508587361	186	97	0	0	1	critical_thread_precision	u:xaero_session_lifecycle_repeat					0	u:xaero_session_lifecycle_repeat				0				0	0	1781222706094	1786508587361	1786508587361	1786508587361	283	283	0	0				0	0	0	0	0	0	0	0	0
94e43dce65ea43d2	1786506034451	120	14	0	0	2	net.minecraft.world.entity.decoration.ItemFrame	unable to load item from: {}					0	e:entity:item_load				0				0	3	1785146794157	1786506034451	1786506030400	1786506034451	884	884	0	0				0	0	0	3	0	0	0	0	0
1524cfbe79adf61e	1786378383822	0	1	0	0	1	net.minecraft.server.MinecraftServer	ocschoz has made the advancement [Who's the Pillager Now?]					0	e:generic:advancement_made_ocschoz				0				0	1	1786378383822	1786378383822	1786378383822	0	251	-199749	0	0				0	0	0	1	0	0	0	0	0
d9e9d62e811341c	1786504506047	0	6	0	0	1	net.minecraft.server.MinecraftServer	ocschoz has made the advancement [Suit Up]					0	e:generic:advancement_made_ocschoz				0				0	1	1784902645555	1786504506047	1786504506047	0	256	256	0	0				0	0	0	1	0	0	0	0	0
eea027212609e2fe	1786338460478	0	1	0	0	1	net.minecraft.server.MinecraftServer	[ocschoz: Teleported ocschoz to 32.500000, 70.500000, -365.500000]					0	u:class_or_injection_error				0				0	1	1786338460478	1786338460478	1786338460478	0	251	-199749	0	0				0	0	0	1	0	0	0	0	0
27064caa041b098d	1786338541084	1	0	0	0	1	net.minecraft.server.MinecraftServer	[ocschoz: Teleported ocschoz to -47.500000, 68.500000, -388.500000]					0	u:class_or_injection_error				0				0	1	1786338541084	1786338541084	0	1786338541084	251	-199749	0	0				0	0	0	1	0	0	0	0	0
c86fa7a376465a95	1786508508029	1	23	0	0	3	CheckedThreadLocalRandom	threadlocalrandom accessed from a different thread this is usually not a bug in fastchunkgen but a bug in another mod or in vanilla code. possible solutions: - 					0	u:structural_error_repeat				0				1	4	1785426894149	1786508508029	1786508508029	1785429797592	1049	601049	1	0				0	0	0	4	0	0	0	0	0
4de5cd6473367121	1786265671891	4	1	0	0	1	net.minecraft.server.MinecraftServer	ocschoz has made the advancement [Gravestone Dungeons]					0	e:generic:advancement_made_ocschoz				0				0	1	1784908760514	1786265671891	1786265671891	1785212741813	255	-99745	0	0				0	0	0	1	0	0	0	0	0
2213ca7e2f4169fd	1786335494329	0	4	0	0	1	net.minecraft.server.MinecraftServer	ocschoz has made the advancement [Crops of the Wild]					0	e:generic:advancement_made_ocschoz				0				0	1	1785060627513	1786335494329	1786335494329	0	254	-99746	0	0				0	0	0	1	0	0	0	0	0
8f14ff862d071398	1786297936735	1	0	0	0	1	net.minecraft.server.MinecraftServer	[ocschoz: Set own game mode to Creative Mode]					0	u:class_or_injection_error				0				0	1	1786297936735	1786297936735	0	1786297936735	101	-299899	0	0				0	0	0	0	0	0	0	0	0
79c0fb1ff0ce6dd2	1786508512381	0	6	0	0	2	ModernFix	skipped emitting entity_mount game event for entity {} as it would cause deadlock					0	e:entity:emitting_entitymount_game_skipped				0				6	7	1785213209624	1786508512381	1786508512381	0	201906	1321906	1	0				0	0	0	7	1	0	0	0	0
c234adaec7939748	1786504465955	0	5	0	0	1	net.minecraft.server.MinecraftServer	ocschoz has made the advancement [Stone Age]					0	e:generic:advancement_made_ocschoz				0				0	1	1784765829606	1786504465955	1786504465955	0	255	255	0	0				0	0	0	1	0	0	0	0	0
6c701b71490cea43	1786335253362	6	11	1	0	2	net.minecraft.world.entity.ai.attributes.AttributeMap	ignoring unknown attribute "					0	u:unknown_attribute_repeat				1				0	1	1784708267043	1786335253362	1786335253362	1786261295451	279	-99721	0	0				0	0	0	1	0	0	0	0	0
70d564798c33f6	1786504451904	37	1	0	0	2	net.minecraft.server.level.ServerLevel	tried to add entity but it was marked as removed already					8	e:entity:entity_marked_removed_tried				12				0	2	1784765652050	1786504451904	1786464443774	1786504451904	702	702	0	0				0	0	0	2	0	0	9	0	0
1e481dab2e93830	1786508566960	60	40	2	0	1	APTweaks	{} Server load changed from {} (avg. {}ms) to {} (avg. {}ms)					2	e:generic:changed_load				2				0	0	1781775163763	1786508566960	1786504451904	1786508566960	138	138	0	0				0	0	0	0	0	0	6	0	0
b828803735c53ba8	1785426469963	0	3	0	0	1	defaultoptions	loaded default key bindings.					0	u:info_burst_noise				0				0	0	1785160798648	1785426469963	1785426469963	0	3	-549997	0	0				0	0	0	0	0	0	0	0	0
fb171f11c1948267	1786338451085	0	1	0	0	1	net.minecraft.server.MinecraftServer	[ocschoz: Teleported ocschoz to 13.500000, 69.500000, 45.500000]					0	u:class_or_injection_error				0				0	1	1786338451085	1786338451085	1786338451085	0	251	-199749	0	0				0	0	0	1	0	0	0	0	0
435487e4dbfebea0	1786508564353	17	0	0	0	2	net.minecraft.server.level.WorldGenRegion	tried to access a block entity before it was created.					2	e:block_entity:access_block_entity_tried	Tried to access a block entity before it was created. {}			0				0	2	1786464581623	1786508564353	0	1786508564353	531	531	0	0				0	0	0	2	0	0	17	0	0
695e441edb85c5cb	1786508587361	0	66	0	0	2	critical_thread_precision	u:empty_sound_event_repeat					0	u:empty_sound_event_repeat				0				0	0	1784696095278	1786508587361	1786508587361	0	66	66	0	0				0	0	0	0	0	0	0	0	0
aa65a29db3b5cb37	1786506969002	0	2	0	0	1	net.minecraft.server.MinecraftServer	ocschoz has made the advancement [Hunt and Gather]					0	e:generic:advancement_made_ocschoz				0				0	1	1786506969002	1786506969002	1786506969002	0	252	252	0	0				0	0	0	1	0	0	0	0	0
205ed53e37aafe4d	1786507223556	1	0	0	0	1	net.minecraft.server.MinecraftServer	[ocschoz: Teleported ocschoz to -609.500000, 86.500000, 1289.500000]					0	u:class_or_injection_error				0				0	1	1786507223556	1786507223556	0	1786507223556	251	-199749	0	0				0	0	0	1	0	0	0	0	0
721681662ef2819d	1786508587361	52	7	0	0	1	net.minecraft.server.network.ServerGamePacketListenerImpl	Stopping singleplayer server as player logged out					0	e:network:logged_player_singleplayer_stopping				0				0	1	1784696095267	1786508587361	1786507458381	1786508587361	309	309	0	0				0	0	0	1	0	0	0	0	0
d2b193212f639b6c	1786506525101	0	6	0	0	1	net.minecraft.server.MinecraftServer	ocschoz has made the advancement [Acquire Hardware]					0	e:generic:advancement_made_ocschoz				0				0	1	1784902475045	1786506525101	1786506525101	0	256	256	0	0				0	0	0	1	0	0	0	0	0
227835f8e426cc68	1786378236720	1	0	0	0	1	perf_tweaks	saving Redstone Optimization config					0	u:info_burst_noise				0				0	0	1786378236720	1786378236720	0	1786378236720	1	-199999	0	0				0	0	0	0	0	0	0	0	0
cb2bc09794d1152e	1786464410225	1	0	0	0	1	net.minecraft.server.MinecraftServer	[ocschoz: Set own game mode to Spectator Mode]					0	u:class_or_injection_error				0				0	1	1786464410225	1786464410225	0	1786464410225	251	-199749	0	0				0	0	0	1	0	0	0	0	0
edfa8455b1176897	1786506037350	11	10	0	0	2	net.minecraft.world.entity.EntityType	skipping entity with id {}					0	e:entity:entity_skipping				0				0	0	1785146799425	1786506037350	1786506037350	1785146829112	21	21	0	0				0	0	0	0	0	0	0	0	0
5418c957de45134d	1786335172870	0	2	0	0	3	net.minecraft.world.level.block.entity.SculkShriekerBlockEntity	no key selector in maplike					0	u:structural_error_repeat				0				0	2	1786335080376	1786335172870	1786335172870	0	502	-99498	0	0				0	0	0	2	0	0	0	0	0
881d40e6dc976f18	1786265671891	4	1	0	0	1	net.minecraft.server.MinecraftServer	ocschoz has made the advancement [Dungeon Enthusiast]					0	e:generic:advancement_made_ocschoz				0				0	1	1784908760514	1786265671891	1786265671891	1785212741813	255	-99745	0	0				0	0	0	1	0	0	0	0	0
5981a659fca76e41	1786508498960	4	4	0	0	2	ModdingLegacy/StructureGel	[structure_gel] empty or non-existent pool: {}					0	e:generic:empty_nonexistent_pool				0				0	1	1786265690013	1786508498960	1786508498960	1786265701608	258	258	0	0				0	0	0	1	0	0	0	0	0
1494fc455740b8f2	1786504451904	18	26	1	0	1	net.minecraft.client.server.IntegratedServer	Changing view distance to {}, from {}	Changing view distance to {}, from {}				1	e:generic:changing_distance_view	Changing view distance to {}, from {}			1	changing view distance to {}, from {}			0	0	1784696047419	1786504451904	1786504451904	1786504451904	63	63	0	0				0	0	0	0	0	0	0	0	0
b36e47ba7d8da9af	1786508583138	1	0	0	0	1	net.minecraft.server.MinecraftServer	[ocschoz: Teleported ocschoz to -618.500000, 69.500000, 1066.500000]					0	u:class_or_injection_error				0				0	1	1786508583138	1786508583138	0	1786508583138	251	-199749	0	0				0	0	0	1	0	0	1	0	0
c7a80ff1be648488	1786296342887	2	8	2	0	2	ModernFix	one or more bufferbuilders have been leaked, modernfix will attempt to correct this.					2	e:generic:been_bufferbuilders_leaked_more				2				0	1	1784696993830	1786296342887	1786296342887	1785515439689	298	-99702	0	0				0	0	0	1	0	0	0	0	0
18a57936822921f9	1786504451904	1	0	0	0	1	com.github.alexthe666.alexsmobs.AlexsMobs	found pupfish chunk at -# ~ # after # tries					0	u:info_burst_noise				0				0	0	1786504451904	1786504451904	0	1786504451904	1	-199999	0	0				0	0	0	0	0	0	0	0	0
36652dca5c05a152	1786508587361	1256	1173	0	0	1	critical_thread_precision	u:advancement_list_loaded_repeat					0	u:advancement_list_loaded_repeat				0				0	0	1781222706094	1786508587361	1786508587361	1786508587361	2717	2717	0	36				1786507277750	0	0	0	0	0	0	0	0
c28aeb739ce02224	1786508366075	0	2	0	0	1	net.minecraft.server.MinecraftServer	ocschoz has made the advancement [The Parrots and the Bats]					0	e:generic:advancement_made_ocschoz				0				0	1	1786508366075	1786508366075	1786508366075	0	252	252	0	0				0	0	0	1	0	0	0	0	0
960208e214f401b8	1786506886155	4	3	1	1	3	net.minecraft.world.level.block.entity.SculkSensorBlockEntity	no key selector in maplike	no key selector in maplike | No key selector in MapLike	no key selector in maplike | No key selector in MapLike			1	u:structural_error_repeat	no key selector in maplike event_delay:#event_distance:#f range:#source: pos: i # type:"			1	no key selector in maplike event_delay:#event_distance:#f range:#source: pos: i # type:"			0	2	1786506882561	1786506886155	1786506883556	1786506886155	531	531	0	0				0	0	0	2	0	0	0	0	0
aabcf42e8308f263	1785678238564	70	0	0	0	1	org.betterx.worlds.together.util.Logger	bclib auto-sync is disabled for singleplayer worlds.					0	e:generic:autosync_disabled_singleplayer_worlds				0				0	0	1776514426514	1785678238564	0	1785678238564	70	-549930	0	0				0	0	0	0	0	0	15	0	0
32d9bc93b18242f0	1786507458391	664	112	0	0	1	critical_thread_precision	u:raid_entity_removed_cleanup					0	u:raid_entity_removed_cleanup				0				0	0	1784213321949	1786507458391	1786507458391	1786507458391	1120	1120	0	43				1786507458391	0	0	0	0	0	0	0	0
2264b4ca8a82e51b	1786378996628	0	1	0	0	1	net.minecraft.server.MinecraftServer	ocschoz has made the advancement [Dragonslayer]					0	e:generic:advancement_made_ocschoz				0				0	1	1786378996628	1786378996628	1786378996628	0	251	-199749	0	0				0	0	0	1	0	0	0	0	0
b1d21c618ddbbd77	1786464581623	8885	34	0	0	3	net.minecraft.world.level.chunk.storage.ChunkSerializer	unknown structure start:					0	u:unknown_structure_start				0				0	2	1785511369409	1786464581623	1786464569419	1786464581623	9419	9419	0	0				0	0	0	2	0	0	2441	0	0
f446763ce474eb6a	1786506601350	0	1	0	0	1	net.minecraft.server.MinecraftServer	ocschoz has made the advancement [Profaned Metal]					0	e:generic:advancement_made_ocschoz				0				0	1	1786506601350	1786506601350	1786506601350	0	251	-199749	0	0				0	0	0	1	0	0	0	0	0
f4cacd6905cddd7a	1786504474554	0	2	0	0	1	net.minecraft.server.MinecraftServer	ocschoz has made the advancement [Amateur Archaeologist]					0	e:generic:advancement_made_ocschoz				0				0	1	1786335368613	1786504474554	1786504474554	0	252	252	0	0				0	0	0	1	0	0	0	0	0
831426fc48ae46e1	1786508578348	0	1	0	0	1	com.example.examplemod.ExampleMod	NBT fix applied to player: {}					0	e:generic:applied_player				0				0	0	1786508578348	1786508578348	1786508578348	0	1	-199999	0	0				0	0	0	0	0	0	0	0	0
5adeb3ccb58a0394	1786508587361	104	26	0	0	1	net.minecraft.server.network.ServerGamePacketListenerImpl	{} lost connection: {}					0	e:network:connection_lost				0				0	1	1776514514223	1786508587361	1786507458381	1786508587361	380	380	0	0				0	0	0	1	0	0	14	0	0
34e852fd9b103534	1786507437851	25	47	0	0	2	net.minecraft.server.level.WorldGenRegion	tried to access a block entity before it was created. {}					0	e:block_entity:access_block_entity_tried				0				0	2	1784697315365	1786507437851	1786507437851	1786506633803	572	572	0	0				0	0	0	2	0	0	0	0	0
1496eda82dfacc9a	1786508587361	3997	40	13	0	1	net.minecraft.server.MinecraftServer	saving chunks for level "					1	u:saving_chunks_repeat				8				0	1	1776514514223	1786508587361	1786508285200	1786508587361	4405	4405	0	0				0	0	0	1	0	0	320	0	0
dfe13796ea8ef85f	1786508564353	0	35	0	0	3	net.minecraft.Util	poi data mismatch: already registered at blockpos					0	u:structural_error_repeat				0				0	2	1784709030158	1786508564353	1786508564353	0	535	535	0	0				0	0	0	2	0	0	0	0	0
f0bd342981f5fc72	1786335333621	1	0	0	0	1	net.minecraft.server.MinecraftServer	[ocschoz: Teleported ocschoz to 1726.500000, 76.500000, 305.500000]					0	u:class_or_injection_error				0				0	1	1786335333621	1786335333621	0	1786335333621	251	-299749	0	0				0	0	0	1	0	0	0	0	0
525ed3986cf330d1	1786508583138	7	30	0	0	1	me.ichun.mods.serverpause.common.core.MinecraftServerMethods	Saving and pausing game...					0	u:saving_pause_repeat				0				0	0	1785062901197	1786508583138	1786508583138	1786508563564	37	37	0	0				0	0	0	0	0	0	1	0	0
2cc8c5142d751f4e	1786508332129	326	53	1	0	2	net.minecraft.world.level.levelgen.structure.pools.JigsawPlacement	empty or non-existent pool: {}					1	e:generic:empty_nonexistent_pool				1				0	1	1784697320131	1786508332129	1786508332129	1786507351358	648	648	0	0				0	0	0	1	0	0	0	0	0
de66bd2aa2aba0b9	1786505287048	0	1	0	0	1	net.minecraft.server.MinecraftServer	ocschoz has made the advancement [Getting an Upgrade]					0	e:generic:advancement_made_ocschoz				0				0	1	1786505287048	1786505287048	1786505287048	0	251	-199749	0	0				0	0	0	1	0	0	0	0	0
4e2e8acc31d9b262	1786507351358	124	0	0	0	2	net.minecraft.world.level.levelgen.structure.pools.JigsawPlacement	empty or non-existent pool:					2	e:generic:empty_nonexistent_pool	Empty or non-existent pool: {}			1	empty or non-existent pool: {}			0	1	1786464392230	1786507351358	0	1786507351358	397	397	0	0				0	0	0	1	0	0	1	0	0
70738d3108308d0e	1785637364057	1	7	0	0	2	net.minecraft.world.level.entity.PersistentEntitySectionManager	uuid of added entity already exists: {}					0	e:entity:added_already_entity_exists				0				0	1	1785510172563	1785637364057	1785637364057	1785510247704	258	-299742	0	0				0	0	0	1	0	0	0	0	0
b2fac591939d80f0	1786508577217	0	1	0	0	1	gravestone	The death ID of player {} is {}					0	e:generic:death_player				0				0	0	1786508577217	1786508577217	1786508577217	0	1	-199999	0	0				0	0	0	0	0	0	0	0	0
547f94dd725464c2	1786464411722	1	0	0	0	1	net.minecraft.server.MinecraftServer	ocschoz has made the advancement [Guns and Roses]					0	e:generic:advancement_made_ocschoz				0				0	1	1786464411722	1786464411722	0	1786464411722	251	-199749	0	0				0	0	0	1	0	0	1	0	0
9f2c5829e2427682	1786378299318	0	1	0	0	1	net.minecraft.server.MinecraftServer	ocschoz has made the advancement [Take Aim]					0	e:generic:advancement_made_ocschoz				0				0	1	1786378299318	1786378299318	1786378299318	0	251	-199749	0	0				0	0	0	1	0	0	0	0	0
48164d6c8966fa90	1785425590971	19	0	10	0	2	VSS	vss lod sync disabled for player ocschoz: client does not advertise voxel column support					10	e:generic:disabled_ocschoz_player_sync				10				0	1	1784870473026	1785425590971	0	1785425590971	309	-299691	0	0				0	0	0	0	0	0	0	0	0
988113b33dfaa94f	1786335307569	1	5	1	0	2	net.minecraft.world.level.levelgen.heightproviders.UniformHeight	Empty height range: {}					1	e:generic:empty_height_range				1				0	1	1785146925254	1786335307569	1786335307569	1785300276056	275	-99725	0	0				0	0	0	1	0	0	0	0	0
328ab509a92d1bc9	1786378236720	6	6	0	0	1	Adaptive Performance Tweaks.players	{} {}: Validated after {} secs.					0	e:generic:after_secs_validated				0				0	0	1784696047419	1786378236720	1786282955093	1786378236720	12	12	0	0				0	0	0	0	0	0	0	0	0
df3378df10324d8c	1786508587361	2	0	0	0	1	net.minecraft.server.MinecraftServer	ocschoz left the game					0	e:generic:game_left_ocschoz				0				0	1	1786464582515	1786508587361	0	1786508587361	252	252	0	0				0	0	0	1	0	0	0	0	0
55b291796a2f4a0a	1786464582515	0	11	0	0	1	critical_thread_precision	u:map_texture_material_fallback_repeat					0	u:map_texture_material_fallback_repeat				0				0	0	1785430899775	1786464582515	1786464582515	0	11	11	0	0				0	0	0	0	0	0	0	0	0
32c68bf50c2eec79	1786463111022	1	0	0	0	1	net.minecraft.server.MinecraftServer	[ocschoz: Set the weather to clear]					0	u:class_or_injection_error				0				0	1	1786463111022	1786463111022	0	1786463111022	251	-199749	0	0				0	0	0	1	0	0	0	0	0
3373922bb7cfe03b	1786336962637	0	1	0	0	1	net.minecraft.server.MinecraftServer	ocschoz has made the advancement [Ol' Betsy]					0	e:generic:advancement_made_ocschoz				0				0	1	1786336962637	1786336962637	1786336962637	0	251	-199749	0	0				0	0	0	1	0	0	0	0	0
